name,file,origin,source_url,prompt,requested_size,delivered_size,sha256,xmp_iptc_trainedAlgorithmicMedia,oracle_verdict,oracle_attribution,oracle_generation_id,oracle_created_utc,checked_at_utc,notes
gen_fox_forest,originals/gen_fox_forest.webp,meta-model-api,,A red fox resting on a mossy log in a misty forest at dawn photorealistic shallow depth of field,1024x1024,1600x1600,6d7cecf322a5ac4b2547e2f32c767b3cb3e8a0e49f274cfd00aa31be6697eed4,yes,detected,Muse Image 1 - Meta,AXZpZGVvc2VhbHY0X2NhX3NjbLlNjYhvPAxD,2026-08-26T19:07Z,2026-08-26T19:11Z,checked twice; ID stable across uploads
gen_text_poster,originals/gen_text_poster.webp,meta-model-api,,A cheerful flat-design poster that says 'WATERMARK FIELD DAY 2026' in bold rounded letters over a coral and cream striped background,1024x1024,1600x1600,873927662d8198e9c38b4ae71a2919ba5d417dfcd714649db1b0ae231e8cbf9b,yes,detected,Muse Image 1 - Meta,AXZpZGVvc2VhbHY0X2NhX3NjbJuIKXPAYxsd,2026-08-26T19:08Z,2026-08-26T19:08Z,
gen_lighthouse_watercolor,originals/gen_lighthouse_watercolor.webp,meta-model-api,,A watercolor illustration of a lighthouse on a cliff at golden hour seagulls in the distance soft loose washes white paper texture,1024x1024,1600x1600,69bee7c376608568361085602c5c7406900885849bd94c5279c3924cf793b27c,yes,detected,Muse Image 1 - Meta,AXZpZGVvc2VhbHY0X2NhX3NjbB5uWbAmWmwp,2026-08-26T19:08Z,2026-08-26T19:08Z,
gen_night_city,originals/gen_night_city.webp,meta-model-api,,A night city skyline in the rain neon reflections on wet asphalt cinematic wide shot moody,1536x1024,1920x1280,345adf6b9f777b15ef7ce7bbdfb3b355a1d9e882740809e966e9f6caafd94d48,yes,detected,Muse Image 1 - Meta,AXZpZGVvc2VhbHY0X2NhX3NjbH5uWbAmWmwp,2026-08-26T19:08Z,2026-08-26T19:08Z,
gen_studio_mug,originals/gen_studio_mug.webp,meta-model-api,,A minimalist studio photo of a single matte ceramic mug on a pastel blue background soft shadow clean commercial look,1024x1024,1600x1600,2b7bc7fd56fa2250c66ef74f8b3e49d9666fe147d894d5baf9461b5e36077a07,yes,detected,Muse Image 1 - Meta,AXZpZGVvc2VhbHY0X2NhX3NjbAsSozV2XCzw,2026-08-26T19:08Z,2026-08-26T19:08Z,
fox_crop50,,derived:gen_fox_forest,,center crop 0.5 linear each side then WEBP q95,,800x800,80b91995560a7c4b08596a26b3401a29afb82691fad193502697a49785eab7be,no_stripped_by_reencode,not_detected,,,,2026-08-26T19:13Z,seal lost; PIL re-encode strips XMP
fox_crop33,,derived:gen_fox_forest,,center crop 0.33 linear each side then WEBP q95,,528x528,3b3aded8f4fcb98d0599431abccb73b9581854ae34c6bc869724cd5c86a1e35e,no_stripped_by_reencode,not_detected,,,,2026-08-26T19:13Z,seal lost
fox_res512,,derived:gen_fox_forest,,resize long side 512 LANCZOS then WEBP q95,,512x512,19b85f615d56f5e9f55cd97bae0ee343f4f432e6bfa0a6fc7acb07dec2cc1d81,no_stripped_by_reencode,detected,Muse Image 1 - Meta,AXZpZGVvc2VhbHY0X2NhX3NjbLlNjYhvPAxD,2026-08-26T19:07Z,2026-08-26T19:13Z,generation ID and creation time identical to the original generation: watermark payload survives the resize
fox_jpeg85,,derived:gen_fox_forest,,full-size JPEG q85 re-encode,,1600x1600,3bc7dc11bf3c16c83814df1e6485cdb6e49e21141511dda56d210cc920a8c5e3,no_stripped_by_reencode,detected,Muse Image 1 - Meta,AXZpZGVvc2VhbHY0X2NhX3NjbLlNjYhvPAxD,2026-08-26T19:07Z,2026-08-26T19:13Z,payload survives JPEG recompression; local identify returns unknown (metadata stripped)
text_crop50,,derived:gen_text_poster,,center crop 0.5 linear each side then WEBP q95,,800x800,3f0d4075012ee4fec820209c5c1c32bb739998813325f49b1124f379162f9837,no_stripped_by_reencode,not_detected,,,,2026-08-26T19:13Z,seal lost
text_crop33,,derived:gen_text_poster,,center crop 0.33 linear each side then WEBP q95,,528x528,95cef87002961831b21f6f47cd9a0824a67e2ee6f8503356fd5db6a3fcfcc998,no_stripped_by_reencode,,,,,,daily oracle limit reached before this row could be checked
text_res512,,derived:gen_text_poster,,resize long side 512 LANCZOS then WEBP q95,,512x512,b319727d02e908f22e59f148050e6b4686cbd1a622bd69db51fe4072a6f66b34,no_stripped_by_reencode,,,,,,daily oracle limit reached; also the fox twin of this transform triggered the Yuanbao false positive below
text_jpeg85,,derived:gen_text_poster,,full-size JPEG q85 re-encode,,1600x1600,76f00fcde1e974549afa5d90e1879c705e3c3631ef1f35cab901fc912cd15fa4,no_stripped_by_reencode,,,,,,daily oracle limit reached before this row could be checked
blog_qr_manhwa,,meta-blog-cdn,https://lookaside.fbsbx.com/elementpath/media/?media_id=1807972953501959&version=1783318590&transcode_extension=webp,,,1920x1280,8ee7700dff59f21d7de393a619664a0b9360f148d18df289364ecea939b3dea9,yes,detected,Muse Image 1 - Meta,,,2026-08-26T18:59Z,not stored; re-downloadable from source_url
blog_fractal_poster,,meta-blog-cdn,https://lookaside.fbsbx.com/elementpath/media/?media_id=1499727434782014&version=1783727678&transcode_extension=webp,,,2096x992,2a96168db026444b47ac37807fd99a88c8b7fa6866e1c93a54ab427fbe581f76,no,detected,Muse Image 1 - Meta,,,2026-08-26T18:59Z,seal survived CDN transcode without any metadata
blog_flipbook_punch,,meta-blog-cdn,https://lookaside.fbsbx.com/elementpath/media/?media_id=2521328538303639&version=1783396590&transcode_extension=webp,,,1920x1280,35f28dc2cbdf44aed190bc8efaa0fe7bfa288a2196638712dd83bc941cc294d5,yes,detected,Muse Image 1 - Meta,,,2026-08-26T19:00Z,
blog_teen_cat,,meta-blog-cdn,https://lookaside.fbsbx.com/elementpath/media/?media_id=1325391919706734&version=1783319609&transcode_extension=webp,,,1600x1600,c2e7df000ffa6520589d8efc5f0bcbeb759175cdaa0c827189c28a64f75d3dd7,yes,detected,Muse Image 1 - Meta,,,2026-08-26T19:00Z,
blog_hero_1,,meta-blog-cdn,https://lookaside.fbsbx.com/elementpath/media/?media_id=2140990336800598&version=1783727678,,,1344x1792,7655639acb9f826cdb864d869530153efc1e1467ff414b5a63e80aa7b39b2fb7,no,detected,Muse Image 1 - Meta,,,2026-08-26T19:00Z,seal survived CDN transcode without any metadata
control_synth_gradient,,synthetic-local,,PIL gradient with rectangle JPEG q90; never touched any AI pipeline,,1024x768,25f29c0b993ed1a8e41060ed50de778d875a6d94847ced180aafc5a6ad429f82,no,not_detected,,,,2026-08-26T19:01Z,negative control: No AI signatures from Meta were found
fox_nometa,,derived:gen_fox_forest,,metadata --remove only (no pixel change),,1600x1600,685d3a5c5d74e653ec7615fc7a347a0584c277fc7fb59594d388ac619ffe3985,no_stripped,detected,Muse Image 1 - Meta,AXZpZGVvc2VhbHY0X2NhX3NjbLlNjYhvPAxD,2026-08-26T19:07Z,2026-08-26T22:19Z,metadata stripping does NOT remove Content Seal; seal lives in pixels; same generation ID as original
fox_default_invisible,,derived:gen_fox_forest,,qwen-zimage mode=invisible seed=0 strength=default-adaptive(approx 0.1305 at 1600x1600),,1600x1600,6daa3e9b5dde5cb443d8071c5294262742f001c02b694243764a50345769d8b8,no_stripped,not_detected,,,,2026-08-26T22:21Z,current default pipeline clears Content Seal
text_default_invisible,,derived:gen_text_poster,,qwen-zimage mode=invisible seed=0 strength=default-adaptive(approx 0.1305 at 1600x1600),,1600x1600,8530a82fb856b0a00651076ac1ad8a7544b5d8873cac9bd5780704fbe10f53f8,no_stripped,not_detected,,,,2026-08-26T22:22Z,current default pipeline clears Content Seal
fox_str0.06000,,derived:gen_fox_forest,,qwen-zimage mode=invisible seed=0 strength=0.06,,1600x1600,7b5e5ae75ca20f2a3cdfcfa7666104752d9557b08ac236db6f1548434940a1f3,no_stripped,not_detected,,,,2026-08-26T22:28Z,strength calibration ladder
fox_str0.04500,,derived:gen_fox_forest,,qwen-zimage mode=invisible seed=0 strength=0.045,,1600x1600,26da15694b3096e2f1717154db213e814cdd27f2fc40e5f924db2324213cf960,no_stripped,not_detected,,,,2026-08-27T02:28Z,strength calibration ladder; re-confirmed clean at 0.045
fox_str0.03750,,derived:gen_fox_forest,,qwen-zimage mode=invisible seed=0 strength=0.0375,,1600x1600,b7eb0616d10042933edf22cfc30aff4df915384828289b409f6cfa4cdf2807d4,no_stripped,not_detected,,,,2026-08-26T22:30Z,fresh-page protocol; fox first-clean boundary is in (0.03 0.0375]
fox_str0.03000,,derived:gen_fox_forest,,qwen-zimage mode=invisible seed=0 strength=0.03,,1600x1600,cff80d18d9d00000f47e0f97c419a37c13a13831795768aee8727aa9516d1401,no_stripped,detected,Muse Image 1 - Meta,,,2026-08-26T22:31Z,fresh-page protocol; seal survives 0.03
fox_str0.02000,,derived:gen_fox_forest,,qwen-zimage mode=invisible seed=0 strength=0.02,,1600x1600,b19183ec60b63a5b73d3e1c723e7943584912857d51a4b5f85259c5c77da0e53,no_stripped,detected,Muse Image 1 - Meta,,,2026-08-26T22:28Z,settled-read protocol; monotonic below the 0.03 boundary
text_str0.03750,,derived:gen_text_poster,,qwen-zimage mode=invisible seed=0 strength=0.0375,,1600x1600,bacfd4eca7b13616502f74497cbe4f02ef6893918870f13f9e76fdb93b43107f,no_stripped,not_detected,,,,2026-08-26T22:33Z,fresh-page protocol
text_str0.03000,,derived:gen_text_poster,,qwen-zimage mode=invisible seed=0 strength=0.03,,1600x1600,d5c6cffbf471ef8bb74ee8c0d22cc17d9da2c446b83e46c4be67e6ea4cdd09de,no_stripped,not_detected,,,,2026-08-26T22:33Z,fresh-page protocol; text first-clean boundary is at or below 0.03 - cross-source spread vs fox confirmed
lh_str0.03750,,derived:gen_lighthouse_watercolor,,qwen-zimage mode=invisible seed=0 strength=0.0375,,1600x1600,f5169debc5fd2792399c0ea3fa88cb1d05f523d95004bec240c73db0e9aaee51,no_stripped,detected,Muse Image 1 - Meta,,,2026-08-27T02:28Z,seal survives 0.0375 where fox is already clean
lh_str0.03000,,derived:gen_lighthouse_watercolor,,qwen-zimage mode=invisible seed=0 strength=0.03,,1600x1600,110d2112d91dd53df5ccd1839e0e2b41c44aa1832adb0090032660e071fb1fd4,no_stripped,detected,Muse Image 1 - Meta,,,2026-08-27T02:28Z,fresh-page protocol; lighthouse holds its seal below the fox boundary: cross-source spread is wide
text_str0.02500,,derived:gen_text_poster,,qwen-zimage mode=invisible seed=0 strength=0.025,,1600x1600,f46a6c53b4f3d39fccb1d62cca82ced2e163e4424d13c98e6468a8e083c0fa54,no_stripped,not_detected,,,,2026-08-27T02:28Z,mid rung inside the clean zone
text_str0.02000,,derived:gen_text_poster,,qwen-zimage mode=invisible seed=0 strength=0.02,,1600x1600,a19cbe22313e0f19768c98567ea89f2d9dc30827691fc7ec2971c52f3e7c6cc6,no_stripped,not_detected,,,,2026-08-27T02:28Z,text clean at 0.02: boundary <= 0.02 - the easiest source measured
text_str0.01500,,derived:gen_text_poster,,qwen-zimage mode=invisible seed=0 strength=0.015,,1600x1600,aa3816c75e38f3ab5afc378d349caafad56f2bb6da859a5ee68fdea57ad00d73,no_stripped,not_detected,,,,2026-08-27T02:41Z,text clean at 0.015: boundary <= 0.015 - the easiest source measured
lh_str0.02500,,derived:gen_lighthouse_watercolor,,qwen-zimage mode=invisible seed=0 strength=0.025,,1600x1600,989c4a7a804bc8420ec4d86b9445bc3a37382c1834782a7f8842f781d69b05e2,no_stripped,,,,,,below the measured detected boundary (0.03) for this source; not individually checked
lh_str0.02000,,derived:gen_lighthouse_watercolor,,qwen-zimage mode=invisible seed=0 strength=0.02,,1600x1600,6a4a4ec94292a145e7d73e6900b8ec6d0eede17137f2b91fba7757ec0bdba5ec,no_stripped,,,,,,below the measured detected boundary (0.03) for this source; not individually checked
nc_str0.03750,,derived:gen_night_city,,qwen-zimage mode=invisible seed=0 strength=0.0375,,1920x1280,46f322335f801ee54427eb39275216465f9a7cfa3d918c698e4d90a2439a0815,no_stripped,not_detected,,,,2026-08-27T02:28Z,boundary (0.03; 0.0375]
nc_str0.03000,,derived:gen_night_city,,qwen-zimage mode=invisible seed=0 strength=0.03,,1920x1280,3f42632319248ad1a91ef2457c7e0b13ed17e1d2569decbbaab67c2072e9a305,no_stripped,detected,Muse Image 1 - Meta,,,2026-08-27T02:28Z,night_city holds seal at 0.03
mug_str0.03750,,derived:gen_studio_mug,,qwen-zimage mode=invisible seed=0 strength=0.0375,,1600x1600,3b6109ae7e86b8ea74ce33315e3f2a7eda1cadb724d429f0951f13c3ead34b0f,no_stripped,not_detected,,,,2026-08-27T02:28Z,upper rung for the mug bracket
mug_str0.03000,,derived:gen_studio_mug,,qwen-zimage mode=invisible seed=0 strength=0.03,,1600x1600,1c24c984677e1528da83003ac40594f6e5ef1fa9351f1368b6d31a0101308583,no_stripped,not_detected,,,,2026-08-27T02:28Z,mug clean at 0.03: boundary <= 0.03
lh_str0.05250,,derived:gen_lighthouse_watercolor,,qwen-zimage mode=invisible seed=0 strength=0.0525,,1600x1600,8912ba1ff4a26790f69224c49dd649e46835e277c375276ac9604f5339775b2a,no_stripped,detected,Muse Image 1 - Meta,,,2026-08-27T02:41Z,bisection: lighthouse first-clean boundary bracketed to (0.0525; 0.06]
lh_str0.04500,,derived:gen_lighthouse_watercolor,,qwen-zimage mode=invisible seed=0 strength=0.045,,1600x1600,cfdcf7bbb27c740846a1de4edffee3b25a624c2a8e1aba2362feaa25b682e3ae,no_stripped,detected,Muse Image 1 - Meta,,,2026-08-27T02:28Z,seal survives 0.045: lighthouse is the worst source measured
lh_str0.06000,,derived:gen_lighthouse_watercolor,,qwen-zimage mode=invisible seed=0 strength=0.06,,1600x1600,4e214be00a89dc9f1f32ec39483c5e9668a1ec7f38b15e5794942479c839fcca,no_stripped,not_detected,,,,2026-08-27T02:28Z,lighthouse first-clean boundary bracketed to (0.045 0.06]
